{
    "ms1m-retinaface-t1-subset-10000/subset": {
        "mean": [
            0.5313,
            0.4263,
            0.3748
        ],
        "std": [
            0.2873,
            0.2552,
            0.2492
        ]
    },
    "labeled-faces-in-the-wild": {
        "mean": [
            0.4392,
            0.3831,
            0.3424
        ],
        "std": [
            0.2969,
            0.2735,
            0.2682
        ]
    },
    "ms1m-retinaface-t1-subset/imgs_subset": {
        "mean": [
            0.5297,
            0.4251,
            0.3743
        ],
        "std": [
            0.2887,
            0.2567,
            0.2506
        ]
    },
    "data/lfw-deepfunneled-full/lfw-deepfunneled_cropped": {
        "mean": [
            0.5890321731567383,
            0.44972482323646545,
            0.3661695122718811
        ],
        "std": [
            0.22549544274806976,
            0.19597293436527252,
            0.18964284658432007
        ]
    },
    "data/lfw-deepfunneled-full/lfw-deepfunneled": {
        "mean": [
            0.41931483149528503,
            0.364115446805954,
            0.32464608550071716
        ],
        "std": [
            0.30286985635757446,
            0.27691105008125305,
            0.2689759135246277
        ]
    }
}