{"model": "InceptionV2", "embedding_size": 128, "device": "cuda", "fps": 259.629592461356, "lfw_result": {"accuracy": 0.8586666666666668, "true_positive_rate": 0.8476666666666667, "false_positive_rate": 0.13033333333333333, "validation_rate@far=0.1": 0.8033333333333333, "validation_rate@far=0.01": 0.32399999999999995, "validation_rate@far=0.001": 0.052000000000000005, "validation_rate@far=0.0001": 0.034}, "custom_results": {"VN-celeb": {"validation_rate@far=0.1": 0.5540893179749606, "validation_rate@far=0.01": 0.15262864103699264, "validation_rate@far=0.001": 0.034548089323474494, "validation_rate@far=0.0001": 0.008933997310726572}}}